{"cameraMode":{"drawMode":0,"name":"Shaded","section":"Shading Mode"},"sceneLighting":true,"audioPlay":false,"sceneViewState":{"showFog":true,"showMaterialUpdate":false,"showSkybox":true,"showFlares":true,"showImageEffects":true,"showParticleSystems":true},"in2DMode":false,"pivot":{"x":-11.002880096435547,"y":0.3435087203979492,"z":0.5772855281829834},"rotation":{"x":0.12125781178474426,"y":-0.8035386800765991,"z":0.17531470954418183,"w":0.5557760000228882},"size":12.401843070983887,"orthographic":false}