{"cameraMode":{"drawMode":0,"name":"Shaded","section":"Shading Mode"},"sceneLighting":true,"audioPlay":false,"sceneViewState":{"showFog":true,"showMaterialUpdate":false,"showSkybox":true,"showFlares":true,"showImageEffects":true,"showParticleSystems":true},"in2DMode":false,"pivot":{"x":5.5116119384765629,"y":3.748499631881714,"z":-4.127355575561523},"rotation":{"x":0.2886073589324951,"y":0.21726928651332856,"z":-0.06742313504219055,"w":0.930029034614563},"size":2.734412908554077,"orthographic":false}