{"cameraMode":{"drawMode":0,"name":"Shaded","section":"Shading Mode"},"sceneLighting":true,"audioPlay":false,"sceneViewState":{"showFog":true,"showMaterialUpdate":false,"showSkybox":true,"showFlares":true,"showImageEffects":true,"showParticleSystems":true},"in2DMode":false,"pivot":{"x":-7.12837028503418,"y":3.1550164222717287,"z":-0.24221229553222657},"rotation":{"x":0.1265338957309723,"y":0.0193418450653553,"z":-0.0024675477761775257,"w":0.9917706251144409},"size":26.375001907348634,"orthographic":false}