{"cameraMode":{"drawMode":0,"name":"Shaded","section":"Shading Mode"},"sceneLighting":false,"audioPlay":false,"sceneViewState":{"showFog":true,"showMaterialUpdate":false,"showSkybox":true,"showFlares":true,"showImageEffects":true,"showParticleSystems":true},"in2DMode":false,"pivot":{"x":2.4559433460235597,"y":1.8003770112991334,"z":3.325026035308838},"rotation":{"x":0.07612418383359909,"y":-0.5062114000320435,"z":0.04491928219795227,"w":0.857867956161499},"size":5.510647773742676,"orthographic":false}