{"cameraMode":{"drawMode":0,"name":"Shaded","section":"Shading Mode"},"sceneLighting":false,"audioPlay":false,"sceneViewState":{"showFog":true,"showMaterialUpdate":false,"showSkybox":true,"showFlares":true,"showImageEffects":true,"showParticleSystems":true},"in2DMode":false,"pivot":{"x":2.648399829864502,"y":1.6380995512008668,"z":3.588165760040283},"rotation":{"x":0.09051810204982758,"y":-0.4795577824115753,"z":0.04981440305709839,"w":0.8714065551757813},"size":5.510647773742676,"orthographic":false}