{"cameraMode":{"drawMode":0,"name":"Shaded","section":"Shading Mode"},"sceneLighting":true,"audioPlay":false,"sceneViewState":{"showFog":true,"showMaterialUpdate":false,"showSkybox":true,"showFlares":true,"showImageEffects":true,"showParticleSystems":true},"in2DMode":false,"pivot":{"x":-2.2074856758117677,"y":-1.5068717002868653,"z":3.0616912841796877},"rotation":{"x":-0.19335243105888368,"y":0.08435634523630142,"z":-0.016688594594597818,"w":-0.9773537516593933},"size":889.7977905273438,"orthographic":false}