{"cameraMode":{"drawMode":0,"name":"Shaded","section":"Shading Mode"},"sceneLighting":false,"audioPlay":false,"sceneViewState":{"showFog":true,"showMaterialUpdate":false,"showSkybox":false,"showFlares":true,"showImageEffects":true,"showParticleSystems":true},"in2DMode":false,"pivot":{"x":5.315250873565674,"y":-3.6340365409851076,"z":-20.81857681274414},"rotation":{"x":-0.4156646132469177,"y":0.22778692841529847,"z":-0.10835342854261399,"w":-0.8738395571708679},"size":12.942058563232422,"orthographic":false}