{"cameraMode":{"drawMode":0,"name":"Shaded","section":"Shading Mode"},"sceneLighting":true,"audioPlay":false,"sceneViewState":{"showFog":true,"showMaterialUpdate":false,"showSkybox":true,"showFlares":true,"showImageEffects":true,"showParticleSystems":true},"in2DMode":false,"pivot":{"x":2.788895606994629,"y":-5.461614608764648,"z":-3.059244155883789},"rotation":{"x":-0.5132627487182617,"y":0.32686108350753786,"z":-0.22002927958965302,"w":-0.7624371647834778},"size":37.94831848144531,"orthographic":false}