{"cameraMode":{"drawMode":0,"name":"Shaded","section":"Shading Mode"},"sceneLighting":true,"audioPlay":false,"sceneViewState":{"showFog":true,"showMaterialUpdate":false,"showSkybox":true,"showFlares":true,"showImageEffects":true,"showParticleSystems":true},"in2DMode":false,"pivot":{"x":-1.0503795146942139,"y":-1.7214593887329102,"z":0.9660453796386719},"rotation":{"x":-0.0212385356426239,"y":0.9770147800445557,"z":-0.17658597230911256,"w":-0.11750989407300949},"size":19.100341796875,"orthographic":false}