{"cameraMode":{"drawMode":0,"name":"Shaded","section":"Shading Mode"},"sceneLighting":true,"audioPlay":false,"sceneViewState":{"showFog":true,"showMaterialUpdate":false,"showSkybox":true,"showFlares":true,"showImageEffects":true,"showParticleSystems":true},"in2DMode":false,"pivot":{"x":0.8165502548217773,"y":0.2304673194885254,"z":-0.24039077758789063},"rotation":{"x":-0.0212385356426239,"y":0.9770147800445557,"z":-0.17658597230911256,"w":-0.11750989407300949},"size":18.501497268676759,"orthographic":false}